<i>
  <i image="move_0.png" delay="120" x="-75" y="-181"/>
  <i image="move_1.png" delay="120" x="-75" y="-181"/>
  <i image="move_2.png" delay="120" x="-75" y="-181"/>
  <i image="move_3.png" delay="120" x="-75" y="-181"/>
  <i image="move_4.png" delay="120" x="-75" y="-181"/>
  <i image="move_5.png" delay="120" x="-75" y="-181"/>
  <i image="move_6.png" delay="120" x="-75" y="-181"/>
  <i image="move_7.png" delay="120" x="-75" y="-181"/>
  <i image="stand_0.png" delay="120" x="-70" y="-183"/>
  <i image="stand_1.png" delay="120" x="-70" y="-183"/>
  <i image="stand_2.png" delay="120" x="-70" y="-183"/>
  <i image="stand_3.png" delay="120" x="-70" y="-183"/>
  <i image="stand_4.png" delay="120" x="-70" y="-183"/>
  <i image="stand_5.png" delay="120" x="-70" y="-183"/>
  <i image="stand_6.png" delay="120" x="-70" y="-183"/>
  <i image="stand_7.png" delay="120" x="-70" y="-183"/>
  <i image="attack1.info.hit_0.png" delay="90" x="-313" y="-220"/>
  <i image="attack1.info.hit_1.png" delay="90" x="-313" y="-220"/>
  <i image="attack1.info.hit_2.png" delay="90" x="-313" y="-220"/>
  <i image="attack1.info.hit_3.png" delay="90" x="-313" y="-220"/>
  <i image="attack1.info.hit_4.png" delay="90" x="-313" y="-220"/>
  <i image="attack1.info.hit_5.png" delay="90" x="-313" y="-220"/>
  <i image="attack1.info.hit_6.png" delay="90" x="-313" y="-220"/>
  <i image="attack1.info.hit_7.png" delay="90" x="-313" y="-220"/>
  <i image="attack1.info.hit_8.png" delay="90" x="-313" y="-220"/>
  <i image="attack1.info.hit_9.png" delay="90" x="-313" y="-220"/>
  <i image="attack1.info.hit_10.png" delay="90" x="-313" y="-220"/>
  <i image="attack1_0.png" delay="90" x="-248" y="-270"/>
  <i image="attack1_1.png" delay="60" x="-248" y="-270"/>
  <i image="attack1_2.png" delay="60" x="-248" y="-270"/>
  <i image="attack1_3.png" delay="60" x="-248" y="-270"/>
  <i image="attack1_4.png" delay="60" x="-248" y="-270"/>
  <i image="attack1_5.png" delay="60" x="-248" y="-270"/>
  <i image="attack1_6.png" delay="90" x="-248" y="-270"/>
  <i image="attack1_7.png" delay="90" x="-248" y="-270"/>
  <i image="attack1_8.png" delay="90" x="-248" y="-270"/>
  <i image="attack1_9.png" delay="120" x="-248" y="-270"/>
  <i image="attack1_10.png" delay="120" x="-248" y="-270"/>
  <i image="attack1_11.png" delay="120" x="-248" y="-270"/>
  <i image="attack1_12.png" delay="120" x="-248" y="-270"/>
  <i image="attack1_13.png" delay="120" x="-248" y="-270"/>
  <i image="attack1_14.png" delay="120" x="-248" y="-270"/>
  <i image="attack1_15.png" delay="120" x="-248" y="-270"/>
  <i image="attack1_16.png" delay="120" x="-248" y="-270"/>
  <i image="attack1_17.png" delay="120" x="-248" y="-270"/>
  <i image="attack1_18.png" delay="120" x="-248" y="-270"/>
  <i image="attack1_19.png" delay="120" x="-248" y="-270"/>
  <i image="attack1_20.png" delay="120" x="-248" y="-270"/>
  <i image="attack1_21.png" delay="120" x="-248" y="-270"/>
  <i image="attack1_22.png" delay="120" x="-248" y="-270"/>
  <i image="attack1_23.png" delay="120" x="-248" y="-270"/>
  <i image="attack1_24.png" delay="120" x="-248" y="-270"/>
  <i image="attack1_25.png" delay="120" x="-248" y="-270"/>
  <i image="attack1_26.png" delay="120" x="-248" y="-270"/>
  <i image="attack1_27.png" delay="120" x="-248" y="-270"/>
  <i image="attack1_28.png" delay="120" x="-248" y="-270"/>
  <i image="attack1_29.png" delay="120" x="-248" y="-270"/>
  <i image="attack2.info.hit_0.png" delay="90" x="-54" y="-87"/>
  <i image="attack2.info.hit_1.png" delay="90" x="-54" y="-87"/>
  <i image="attack2.info.hit_2.png" delay="90" x="-54" y="-87"/>
  <i image="attack2_0.png" delay="120" x="-566" y="-685"/>
  <i image="attack2_1.png" delay="120" x="-566" y="-685"/>
  <i image="attack2_2.png" delay="120" x="-566" y="-685"/>
  <i image="attack2_3.png" delay="120" x="-566" y="-685"/>
  <i image="attack2_4.png" delay="120" x="-566" y="-685"/>
  <i image="attack2_5.png" delay="120" x="-566" y="-685"/>
  <i image="attack2_6.png" delay="120" x="-566" y="-685"/>
  <i image="attack2_7.png" delay="120" x="-566" y="-685"/>
  <i image="attack2_8.png" delay="120" x="-566" y="-685"/>
  <i image="attack2_9.png" delay="120" x="-566" y="-685"/>
  <i image="attack2_10.png" delay="120" x="-566" y="-685"/>
  <i image="attack2_11.png" delay="120" x="-566" y="-685"/>
  <i image="attack2_12.png" delay="120" x="-566" y="-685"/>
  <i image="attack2_13.png" delay="120" x="-566" y="-685"/>
  <i image="attack2_14.png" delay="120" x="-566" y="-685"/>
  <i image="attack2_15.png" delay="120" x="-566" y="-685"/>
  <i image="attack2_16.png" delay="120" x="-566" y="-685"/>
  <i image="attack2_17.png" delay="120" x="-566" y="-685"/>
  <i image="attack2_18.png" delay="120" x="-566" y="-685"/>
  <i image="attack2_19.png" delay="120" x="-566" y="-685"/>
  <i image="attack2_20.png" delay="120" x="-566" y="-685"/>
  <i image="attack2_21.png" delay="120" x="-566" y="-685"/>
  <i image="attack2_22.png" delay="120" x="-566" y="-685"/>
  <i image="attack2_23.png" delay="120" x="-566" y="-685"/>
  <i image="attack2_24.png" delay="120" x="-566" y="-685"/>
  <i image="attack2_25.png" delay="120" x="-566" y="-685"/>
  <i image="attack2_26.png" delay="120" x="-566" y="-685"/>
  <i image="attack2_27.png" delay="120" x="-566" y="-685"/>
  <i image="attack2_28.png" delay="120" x="-566" y="-685"/>
  <i image="attack2_29.png" delay="120" x="-566" y="-685"/>
  <i image="attack2_30.png" delay="120" x="-566" y="-685"/>
  <i image="hit1_0.png" delay="600" x="-97" y="-173"/>
  <i image="die1_0.png" delay="120" x="-147" y="-207"/>
  <i image="die1_1.png" delay="120" x="-147" y="-207"/>
  <i image="die1_2.png" delay="120" x="-147" y="-207"/>
  <i image="die1_3.png" delay="120" x="-147" y="-207"/>
  <i image="die1_4.png" delay="120" x="-147" y="-207"/>
  <i image="die1_5.png" delay="120" x="-147" y="-207"/>
  <i image="die1_6.png" delay="120" x="-147" y="-207"/>
  <i image="die1_7.png" delay="120" x="-147" y="-207"/>
  <i image="die1_8.png" delay="120" x="-147" y="-207"/>
  <i image="die1_9.png" delay="120" x="-147" y="-207"/>
  <i image="die1_10.png" delay="120" x="-147" y="-207"/>
  <i image="die1_11.png" delay="120" x="-147" y="-207"/>
  <i image="die1_12.png" delay="120" x="-147" y="-207"/>
  <i image="die1_13.png" delay="120" x="-147" y="-207"/>
  <i image="die1_14.png" delay="120" x="-147" y="-207"/>
  <i image="die1_15.png" delay="120" x="-147" y="-207"/>
</i>